1.958630035876087472e-01,2.643348886097002803e-01
-1.292538902890475905e+00,-4.542810784451623007e-01
-4.112464153886531415e-01,9.713052001297870497e-01
2.438663638131738642e-01,1.966273886569130713e+00
-1.431417010501272735e-01,-1.503621804020010000e-01
4.250193050739654588e-01,1.870804518002960659e+00
-4.863086594042121402e-01,-2.575280928134872305e+00
7.828365222211988161e-01,1.448804732459568090e+00
-2.067241719944641967e-02,8.997244107070110353e-01
5.348232240337718046e-01,5.009388234687027763e-01
3.524870226784403426e-01,1.123078235344668885e+00
5.176993582317955811e-01,-2.639779766916908743e-01
-1.381843635493451572e-01,4.086706139112975533e-01
2.014908951195636400e-01,-3.443485865958305081e-01
-7.699552164736048199e-02,9.091974594513251295e-01
-9.490650638079836110e-01,1.089691898851623542e+00
-1.287128168457725153e+00,-7.591883559607346399e-01
2.575986139093739899e-02,-1.696524318802855036e-01
-9.892898312572311337e-01,2.168386437717084725e+00
-2.326252407093487018e-01,-1.164198282297824960e+00
1.085357002914161040e+00,1.231930157110844082e+00
-5.512770443108019336e-01,-5.346370089786411928e-02
1.556704664583719255e+00,-1.986331548825490678e-01
7.795859693632660736e-01,-4.127977495065478508e-01
-1.301672908073421564e-01,3.771307119644654038e-01
3.959580007932386181e-01,2.756977317294538876e-01
-6.178100671194222127e-01,3.724070770369310446e-01
-9.363853639695970399e-01,-2.478660943369778158e-01
4.559191198152109381e-01,5.936640457976680718e-01
5.751348886351882461e-01,2.897949114305847784e-01
1.809284355860199811e-01,-3.673320502012524247e-01
-3.161437635361868947e-01,-1.169516188892127495e+00
1.383382575237638856e-01,-6.956857699202998457e-01
8.262623785955206523e-01,1.196989702142474687e-01
-7.088556864492877585e-01,1.547995363391315937e+00
1.533922624633641707e+00,-1.197777258937323008e+00
1.567907775789624814e-01,-2.046860216719189829e+00
2.713845745471079283e-03,1.548572547271216404e+00
-2.989099629233104016e-01,-5.867657072302940868e-01
1.658067160860567268e+00,-5.094274294339840026e-01
-5.635177986529099625e-01,1.047637210519931195e+00
-5.801087373477336051e-01,-1.347705856521014711e+00
-9.786885587483172555e-02,-1.602901499643838434e-02
-1.525217848332227843e+00,-3.697310513563776269e-01
-4.475622148753008456e-02,-1.681142824576379757e+00
-4.589146641751254418e-01,-1.003558931643150354e+00
4.991755431009123334e-01,1.050125637469190076e+00
1.867960497943428777e+00,-1.451509953902707650e-01
-1.246037872413711556e+00,-1.567945949238020997e-01
-2.429434040980016363e-01,8.418053384172903553e-02
1.954571385223652924e-01,-5.024410778968493863e-03
-9.552900308857448231e-01,-1.886703230581665558e-01
1.777994390123936341e+00,1.133163285709540169e+00
-1.115349629034135592e+00,-6.140571515215729193e-01
-8.747207005862577267e-01,1.601011150453307774e+00
8.986752362546720496e-01,1.142170932591174637e+00
-6.535785583057895920e-01,-1.650775349490241739e+00
7.621745068064840201e-01,1.086022349480382232e-01
6.007319544201693562e-01,7.781173441350055509e-01
-6.190862071687390777e-01,3.859137162499743923e-01
-7.147268447896075738e-01,6.431022781068715943e-01
9.002728327507153461e-01,1.027783376170947616e-01
-7.234762633100665363e-01,-1.708308956488548080e+00
-5.467213424310275460e-01,7.369449801162240021e-01
-4.932428587689991484e-01,-3.086692777860801096e-01
-2.819477334627627091e-02,-4.205766604499144301e-01
6.639411752873208838e-01,5.854931683159374511e-01
-1.693761191678613720e+00,4.267635545252330687e-01
7.693653901122216032e-01,-1.646918752953364651e-01
-9.481366808176817929e-02,4.750545991749472452e-01
1.142405251304831726e+00,1.988362304980082040e+00
-3.110899275178667378e-01,-2.216586081320029322e+00
6.912827716021404667e-01,6.911193441125669246e-01
1.621121895759826403e-01,-1.200056823558247887e-01
1.279799210623877803e+00,7.332934701480069428e-01
-1.744191269714183701e+00,-1.512478815743882876e+00
-6.140957764189198809e-01,3.758708924947660734e-01
1.774214517609633557e+00,4.526320951445654828e-01
-1.614662902529758748e+00,2.329877228512824416e-01
-5.605458266452875149e-01,2.019440498496770098e-01
1.323170037255622322e+00,-6.762256344408914543e-01
-2.305569135830580207e-01,5.463122184510175172e-01
4.577926069195038528e-01,-1.211410849396314104e-01
4.887298509167957716e-01,2.085253510187785153e+00
-9.814017072440290868e-01,1.839940957964071755e+00
-1.639131981955944450e+00,2.343800818257584240e-01
4.590285069118876238e-01,8.360194593851652534e-02
-1.041946779540341206e+00,-8.197831852154724430e-04
-8.043782350421168070e-01,1.099871113339150330e-01
2.406311916086264213e-01,-4.099289889592970804e-01
1.146054475864653366e+00,2.652444039178556423e-01
-8.768694423763032653e-01,-2.959748917207480901e-01
7.932113434523807571e-01,3.335690681324908757e-01
-8.736799921031294103e-01,1.925185602634428506e+00
2.348695408301759158e-01,-2.072400320209458968e+00
-2.744416650976729266e-01,1.381558401943214776e+00
-4.558305339668378697e-01,-1.242405889561906784e+00
-6.998893374150302327e-01,1.406854050446760818e-01
1.380045935204075480e+00,2.880076834947606912e-01
4.476495905955959476e-01,-3.613170010188783421e-02
-1.188433632466499246e+00,2.432695749339652824e-01
1.564958114303137693e-01,-3.290292038561917209e-01
3.238794770830707437e-01,-1.191038593945356605e-02
-4.233167805000963568e-01,-3.952667989890555900e-01
2.972400081723757803e-01,-3.541280331157994898e-01
-8.734815427269454480e-01,1.110332815007800455e+00
-1.007004485778216774e+00,-2.194335712677975891e+00
1.563600022346539387e+00,1.484618614547073001e-01
-1.043784568276603597e+00,-3.467262520206555454e-01
1.789539207749649252e+00,-9.179554484881276011e-01
1.087561151336849941e+00,-2.079275283150981757e+00
-5.377025114945508388e-01,9.993698551085570259e-01
-1.976653962804828302e+00,-5.887689926044217259e-01
2.735901805803375275e+00,-7.433961960834025717e-01
2.319947154584552640e-01,-2.784994734071748468e-01
1.381623438432245665e+00,-2.280271624592482116e+00
7.632062921142046541e-01,-1.475396359785215994e+00
-1.073962808552798354e+00,1.324135369420583963e+00
-6.599956325023560444e-01,-6.925833762280982908e-01
5.074427165196321310e-01,-7.644656340466167155e-01
-7.266188123131998022e-01,1.059076794342333816e+00
-3.777197692551502728e-01,6.662774542406321165e-01
1.384595092525467086e+00,2.536367784522028934e-01
-8.356930395562209846e-01,-7.663651384100151898e-01
-9.643472707195525073e-01,-2.359603263985432520e-01
-7.984806138007203291e-01,-1.152634771377224254e+00
-9.094434734482119698e-01,1.141064503159150201e+00
-6.118542318552578907e-01,3.910616982416236231e-01
-7.046372468002438660e-01,-4.149650149664174670e-01
1.386052750951753287e+00,1.472861053446856694e-01
-5.348660859803630041e-01,-1.273781911954785517e+00
-2.766686859014567124e-01,5.491508514580148992e-01
6.906628602398088290e-01,-1.003019113359359338e+00
-1.670554540936895205e-01,-8.513961869770734214e-01
2.531080678763224068e+00,-6.716449856292250331e-01
2.878147720289460018e-02,1.047942476318587834e+00
-5.795219965903900539e-01,-5.107971014575785063e-01
-1.472965404532766920e+00,-1.002872293068544529e+00
9.466209032286272418e-01,4.055132755514283538e-01
-4.722510558276746817e-01,-1.282785378752288041e+00
-2.752667153967300884e-01,9.953270711950654714e-01
-5.535855840762716751e-01,-3.318384076862991305e-01
5.943010257839289601e-01,1.169275413849398371e+00
1.752034790738912440e+00,-1.338823352405418277e-01
-7.257185889296031700e-01,3.396934668659309375e-01
-9.640578116462737990e-01,-2.121856483078170541e+00
1.648351964387386737e-01,9.400621336070016376e-01
2.299558408563016965e+00,6.345082923396141439e-01
-8.171180709063582404e-01,-1.845994327962452664e+00
7.116193608345645627e-01,4.195372794881723211e-01
4.602936673539110290e-01,1.016972986910139376e+00
1.306416021702964780e+00,1.344485762274316709e+00
7.179269842592453377e-02,-4.199681171066925178e-01
3.900543255656550579e-01,-1.230961635371351948e+00
-5.458497274793359111e-01,-7.871620289220018218e-01
-1.545404195972421402e+00,-4.509469955115865680e-01
-2.106516987679905029e+00,-8.689565993710015590e-01
2.097740632500423086e+00,-1.227001516091148048e+00
2.215560353123851023e-01,-6.308066013371541603e-01
-6.382585641915118346e-01,-9.133389487953617047e-01
-1.723601922308693135e+00,2.914804187472581631e-01
5.414461757191945529e-02,-1.938618683845285684e+00
5.639407926016148931e-01,1.692399403939033320e-01
-1.407431467084766075e+00,-1.835216636705774285e-01
-5.946624423965620743e-01,-1.347118795578544637e-02
-1.360219785294201511e+00,6.698091783884749795e-01
4.649339676076881811e-01,-6.163988549936949557e-01
-3.772666148511994444e-01,3.156611627439156464e-01
-4.569776315527459415e-02,2.426605902939228121e-01
-3.709799831191457065e-01,-1.562753822318257158e-01
4.205629704181058637e-01,-3.507177893526454149e-01
5.245988127988863159e-01,1.203378452946224142e+00
-3.144420969524482912e-01,6.614610237286022709e-01
-6.975923283426868071e-01,2.053840728535982763e-03
4.048019928995676420e-01,-1.260236157199069673e+00
6.241031618891277333e-01,1.558121690926463909e-01
-1.454460139056813039e+00,1.501439423944672669e-01
5.311423995406022724e-01,3.043156826016052419e-02
9.925405682066406055e-01,4.124846212774448961e-01
1.843518397735794401e-01,-1.080064051126346847e+00
-5.883963518438658502e-01,2.833253791610006456e-01
-1.216544929955105880e+00,2.204274814423613282e+00
-1.663173256002781208e+00,-1.219937740144829696e+00
1.291497745437971467e+00,5.700391971710812022e-01
9.254605563927019718e-01,-3.624935677476679441e-01
1.366963765081123494e+00,1.381374706717428680e-01
-7.098605031132886323e-01,-1.968064236934823796e+00
1.095622912511893254e+00,-4.773976755528974714e-01
3.090186794882783805e-01,7.324107671585581292e-01
4.398337395168813724e-01,2.273849398752513240e-01
-4.915699980958446735e-01,-3.136766984971359196e-02
6.124933621075755452e-01,-6.701663252166570883e-01
-1.481234853630349901e+00,-1.517657760546684109e+00
1.139031917028668683e+00,2.178775321990557234e+00
-7.799530152098320679e-01,1.016150813800315689e+00
-3.207319304918265224e-01,1.171864335736940987e-01
9.826842414234565615e-01,-1.984719347707644133e-01
3.630532682328175831e-01,1.547251700482613623e+00
1.077356139533357293e+00,1.646238885845373812e+00
-1.530075183908195857e+00,7.439142575817712100e-01
-1.325134363349266486e+00,1.993781616632279707e-01
-1.409091609782208376e+00,3.478909259551365984e-01
1.197042714966602972e+00,-4.576987442426330155e-01
4.953767607395443417e-01,-1.295084531033508846e+00
1.066440500176838585e-01,-7.359243319475692324e-01
7.341799983494927684e-01,1.010908819399547465e+00
-4.042524075769798331e-01,1.999811678258613390e-01
-1.687388474479263767e+00,7.034176441494555121e-02
4.190415034049041476e-01,1.493285681480335247e+00
-2.366978934855366590e-01,2.985111074177550172e+00
3.776925537194411597e-01,7.160131692303942641e-01
1.128080714826996456e+00,9.593375500247653953e-01
-1.352598896246748561e+00,1.655860941504512240e-01
-6.746173244521065371e-01,-1.098330093599096946e+00
2.028841077065377085e+00,-1.125466928087579532e-01
-3.048629728335431888e-01,-1.498681835396930284e-01
2.075907986685363138e+00,-1.073466572363017235e+00
2.307053034413242831e-01,-7.136204005037314335e-01
-2.316754094482775528e-01,-1.179424200995036198e+00
2.451747630872652961e-01,-3.424060846009778780e-01
-1.752776088412882682e+00,4.149185657918748049e-01
2.089373400178349716e+00,-7.566281790876470126e-01
1.548959857937710627e+00,-1.565447218257194351e-01
5.484158775162700783e-01,1.263260321304833234e-01
2.618171332274915386e+00,-7.407327844105431325e-01
6.070797534056295852e-01,-8.584924305674629386e-01
-2.078753720399840077e+00,1.452973397842445280e-01
6.163470915459124955e-01,-1.579656850353168829e-01
3.852158582642458695e-01,5.733934482366428442e-01
-3.579585280192475460e-01,1.405463005791799391e+00
-1.463065342495595278e+00,4.451222834444457099e-01
-8.140997859349297094e-01,3.076273836152224606e-01
5.900771570406891930e-01,8.895799814755254165e-01
7.370116544386606794e-01,-9.770231209504341985e-01
-2.879302717842812664e-01,3.420933418423370842e-01
-8.882915800255679339e-02,8.340739108250464495e-01
-9.163388454431191654e-01,1.210921385046379584e+00
-9.369689127129904316e-01,-2.816448709448819976e-01
-4.514940851123507293e-01,6.809542717712677717e-01
-1.211781803162932103e-01,-2.150882593723737468e-01
1.019784051100739219e+00,-2.576992297311422320e-01
-7.977720152415335164e-01,9.917245833710586211e-02
1.356934354285222744e-01,-8.293114136763137800e-01
-3.857016480717276874e-01,7.741083208835491947e-01
-8.719267228881416587e-01,-2.841824686445073134e+00
6.143462228553360216e-01,1.914023584654179766e+00
-6.913993362810503251e-01,1.648558469083619693e+00
1.318096366182405665e+00,-4.380823206575117368e-01
1.163610942351061661e+00,8.089010846456976545e-01
1.909011034401328244e+00,-1.497771884155190136e-01
-3.751789311140541483e-01,1.861493152365316206e+00
2.219453912776266691e+00,-3.035008229250415468e-01
-1.917229168030433417e+00,-4.916310863771427009e-01
-9.253675040305658905e-01,-3.943234256990832964e-01
-2.937507894299055122e-01,8.522603103717499851e-01
-3.676289784448524833e-01,1.643325312830607343e+00
-7.193675062034334822e-01,6.919853743755810527e-01
-8.827805121989604764e-01,-1.442715359640887041e-01
9.663721932651068158e-01,-1.904989509904778666e-01
-3.783628701677523298e-01,1.555582704000366467e+00
7.588124494227261874e-01,1.397961225381924466e+00
-6.823859794724442818e-01,1.270944173031289370e+00
2.571985098710576789e+00,6.968905176730437745e-01
6.857112470895888601e-01,1.220750738060768059e+00
-1.531221108792043539e+00,7.422947078882957683e-02
1.663934743133893557e+00,-2.414692748213616014e-01
7.857331466426120681e-01,1.736563432724133049e-01
-9.200347244681882086e-02,1.323919275564399811e+00
-1.418033040008625623e+00,-1.516312765498981641e+00
-1.193515374711365373e+00,1.486169684306252625e+00
-6.733064604757972305e-01,7.959128488834578130e-01
2.237824442155326832e+00,7.835049573693222413e-01
2.322439106050050162e-01,-1.666940261111207855e+00
-1.053433370583393369e+00,-3.873523637133606812e-01
1.389672329503056414e+00,8.327049464504701071e-01
7.236640458623987415e-01,-1.518356235035863921e+00
5.738398613791152458e-01,5.307625045940576047e-01
-3.169265434267594106e-01,-2.066935454613562317e+00
3.441051596059436224e-01,4.302694933144394218e-01
1.382166767271445051e+00,3.582383180016912583e-01
-7.703570460746309578e-01,-2.202132958800497864e-01
-1.247449558927361979e+00,4.150406006797393577e-01
1.395210191373889297e-01,5.837315337993546072e-01
-8.825250583895258849e-01,-3.517521722975905929e-01
7.586995533942307857e-01,3.082821878767399992e-01
-4.821968620696604479e-01,-8.157867697998232304e-01
-9.261266500065640228e-01,-8.644064318460202845e-01
1.261184885011777113e-01,7.043201851086047238e-01
5.812872670123828828e-02,5.527263469780152594e-01
4.214940158785192570e-01,1.061734481698085375e+00
-4.624700850349674486e-01,1.568618644423638853e-01
-1.351569098531445468e+00,3.245037262190875182e-02
-9.579092176829402394e-01,7.686450902125339102e-01
1.361459379677685488e+00,-1.132588604961314305e+00
-1.253859711402030008e-01,1.978331005971096346e+00
-2.356363540018326097e-01,-1.875149003560152128e+00
-5.780275868407022122e-01,-1.980563233327784500e+00
-1.074391239142384435e+00,8.162498793843649958e-01
7.856621006471398161e-01,1.387545734995809799e-01
-8.025785505277832632e-01,8.328765593601634709e-01
6.515000449590316878e-01,1.007867169887672221e+00
4.512379491248396102e-01,-5.923332043124469592e-01
-9.197924795103179507e-01,-8.270370548409056166e-01
-1.147409193253034587e+00,-4.876316018892561388e-01
8.956531747927800602e-01,-3.496498324680959446e-01
1.235340385656134021e+00,-1.726451452957422639e-02
-8.982025721617973302e-01,-1.248178318144223420e+00
-6.052955673207518483e-01,-7.235849151330289164e-01
-1.611323513121157847e+00,-9.067552771058835503e-01
-2.901281696853229564e-01,2.203320989080409797e-01
-4.330451975453738500e-01,-2.959176458593115039e-02
-1.652985167545846457e+00,8.483708443431483559e-01
-2.017117811120122450e+00,-9.171125857538822146e-01
-1.001412532481081641e+00,-2.530276825357797854e-01
1.148359574369643088e+00,-1.206443118728836028e+00
6.360547166849701561e-01,1.972624665975549973e+00
-1.020919043122418962e-01,1.023012889291188277e+00
-1.111524438024233730e+00,1.501844115459234352e-01
1.147384286409682153e+00,-7.158469667013969140e-01
3.877864842372714671e-01,-5.223884905276185986e-01
9.041098013535009414e-01,7.985872092179771009e-01
-1.036483601819666145e+00,-5.886963962545466167e-02
2.493913560950739294e-01,-5.292450485775035407e-01
8.249926101539120094e-01,2.627857062209639771e-01
-1.061816538136201249e+00,-1.404845134244151472e+00
1.538915421540558937e+00,-1.162350538577654913e+00
1.621932574657978465e+00,-3.764047764963951437e-02
8.699273847874636756e-01,1.533022627669007321e+00
-1.845075716243578245e+00,-8.723825568874588043e-01
1.699070527633400829e+00,-8.002789081326389109e-01
4.318621629186872313e-01,-2.356397676033911370e+00
6.222511149402952801e-01,6.631103596611318540e-01
-4.138390380155703707e-01,3.589913219001163169e-02
-7.381086460169210550e-01,7.968710069189249845e-02
9.416988026223177544e-01,8.027023202136485125e-02
2.817650504343228168e-01,2.554329671069143215e-01
-2.295062614662083667e-01,1.535886785867677240e+00
4.596053236857719493e-01,-5.805847318938450741e-01
5.129852046277570965e-01,3.981789483829548670e-01
2.728179260634138181e-01,-1.103236641033964016e+00
-7.570959683674541862e-01,-1.449665869236789639e+00
3.510808930059439170e-01,2.683178826989737753e-01
-1.407434229714778773e-01,-4.483632236062048415e-01
2.125279285805627694e-01,3.226924360506354117e-01
6.677077708207145301e-01,-7.798204836731308376e-01
-5.809592560122176647e-02,6.326755434115991505e-01
-3.966730270130692237e-01,5.557707025156359837e-01
-3.397383488537321361e-02,-9.672078277309448247e-01
-2.222153300399599907e+00,1.272741702160598010e+00
4.026352462617791006e-01,-1.111032282272155225e+00
-2.663137243458048697e+00,-1.035647575258426656e+00
4.049341928301150584e-01,-1.377568338778637491e+00
-8.229936333475444954e-01,-1.704018000035683045e-01
1.366971813103252442e+00,1.112087188582466801e-01
-6.450307082681336901e-01,3.934168087522830204e-01
6.995197751691584198e-01,-2.283014337437347940e+00
6.608541677115852275e-01,-5.725633065629973650e-01
4.328308486371285624e-01,-3.632470797931064976e-01
-6.904793245307210281e-01,-1.011583150205852544e+00
1.017185333970442196e+00,5.152454031669235768e-01
-2.162552634328205770e+00,1.706876933404350538e+00
6.793321113967895064e-01,-4.481290892360447198e-01
1.047598617252004649e+00,-1.569646265246231742e-01
-7.357780135412161915e-01,-1.092551697890287166e-02
2.999552835411681828e-01,-6.032885851476179617e-01
1.282741282195642318e+00,7.610177885802316133e-01
-2.110754725170366886e+00,1.915181337334050937e-01
-1.896324403497899214e+00,-1.743095280795987634e-01
-5.730492301717810683e-02,-1.567772878970455697e+00
7.009768840618050278e-01,-1.141151222785967034e+00
-5.999796947090842991e-01,1.040270239457190771e+00
3.673337273961944094e-01,9.012603837961992159e-01
-2.402586166213549479e-01,-1.675956492669006481e+00
-3.069618261316223728e-01,2.501731483753188101e+00
-9.290809263601771395e-01,6.158018140072302193e-01
7.871961887738319064e-01,-4.252538779062550178e-01
-1.112641263668408431e+00,1.841194024252932326e-01
-6.671018826476806662e-01,1.111464147480775155e-01
2.175610073092748911e-02,5.821859402545047635e-01
-1.378666950679980074e-01,1.383955919305717375e+00
-4.064924905275736911e-01,8.093479838388619729e-01
-2.141728669051581602e-01,1.669578645705625808e-01
5.124215219475136696e-02,1.082235682715698033e+00
1.403282043168022852e+00,-3.743354025601210999e-01
1.496405655087164499e+00,6.646067265464554730e-01
-1.511222915723671623e+00,4.988902942270514451e-01
-4.025929353629953411e-01,1.500045582852738812e+00
8.115645257484875863e-01,4.711206713846871619e-01
-5.050463309174597626e-01,1.143777572191591485e+00
-2.932128430427863863e-01,-1.853380844629034074e+00
-9.088306587211975041e-01,4.225223177732544411e-01
-8.714888111413571226e-01,2.241556975865122148e-02
1.241983398992784871e+00,8.310230937037843546e-02
-4.898988088213990788e-01,1.147498679191349957e+00
-4.211564198721509111e-01,1.080835687198377526e+00
8.604249529363057203e-01,-1.495829118292576920e+00
-3.038561322292785416e-01,7.028312624085104598e-01
1.490529589373770225e-01,-1.426285868579933724e-02
-1.579917574423383542e+00,1.165512169828935907e+00
-7.753580856664903376e-01,-3.801693910201102700e-01
1.777123943523284955e-01,-1.739712305773915557e-01
1.089246885460388947e+00,6.432576295801166744e-01
5.624905661599022277e-01,1.310982434449402323e+00
1.408468686222648925e-01,-2.689596883528840854e-01
-1.639369934815771701e-01,-4.114273211996170021e-01
5.396455793902795728e-01,2.614218163220557223e+00
1.379444090193262085e+00,7.993147712267445471e-02
-2.028966055066593555e+00,-7.174049237468178575e-01
7.152551739858260538e-01,-1.137295215715917074e+00
1.217574870559204436e+00,-1.921383646527126121e+00
-1.884237269108499091e-01,-5.027708584370469413e-01
-2.928058371401581539e+00,-1.784191116222366702e-01
3.575088782658573661e-01,1.103055291756758205e+00
4.274378075577833225e-01,-4.401501854245670753e-01
-1.438900678331225702e+00,5.282329373666003747e-01
-8.462278773729868531e-02,-4.979844262300179292e-01
-1.431308353814654488e+00,9.509072384473651329e-01
-1.107372456209450240e+00,1.721392584872818432e-01
-2.803246505851939019e-01,-6.999335187053122576e-02
-6.039004554063738262e-01,4.188898721560174732e-01
-9.291050709047400380e-01,-4.614715852921440487e-01
1.161557150257431781e+00,5.325530838426466573e-01
-9.336487113619185152e-01,-1.315184183516828753e-01
1.235029947708875753e+00,-3.786840810215705844e-01
-4.196096789685415662e-01,2.007563365551595425e+00
2.177156858058447053e+00,1.645918528634393141e+00
-7.332129339733187701e-01,-1.545241908932796449e+00
-6.354312950602853949e-01,-3.167458455286709107e-01
4.120074520742301738e-01,-1.022727471867043159e+00
8.969098629227004738e-01,-2.514349259564934158e+00
-7.394398880452001110e-01,8.907782846647829267e-01
-8.366847367748864173e-01,-9.729389450024819030e-01
-2.613975944539996266e-01,1.313827623565290370e+00
-1.844074554660421472e-02,-4.382202339441803596e-01
7.199641641828479210e-01,1.228206125964565132e+00
-1.250307729642458954e+00,-6.508920286554631396e-01
-1.721577770353477810e+00,-1.733361007455004987e+00
-9.373191222550052437e-01,-9.416529795305553785e-01
-1.561994813498518431e-01,-3.298292818181121078e-01
1.321574385429080234e+00,8.504191480878886544e-01
-7.937927632398468214e-01,2.755025449803037985e-01
-9.977328318879220559e-01,-4.574086256457432498e-02
1.228002992687026618e+00,-7.280236724067092879e-01
-7.302002302224267494e-01,-3.766591290150047566e-01
1.686799064231528922e+00,-7.202845576191680976e-01
-3.848753105574519995e-01,1.127987835254993909e+00
6.618919753565244424e-02,3.641746025020580202e-01
-3.907242113886222890e-01,1.808406879907656639e-01
-3.905067672309294191e-01,-6.656841490827261065e-01
7.788261901872522985e-01,6.539740499930519757e-01
1.081688930864669995e+00,-1.284570287803781241e-01
1.305595268631997152e+00,2.165837175589852670e+00
-4.008854834383684951e-01,-9.923743453402813497e-01
-2.382198440742440762e-02,-1.933436570522167219e+00
4.830739182033397250e-01,-3.187040765149609656e-01
-1.453614834957133839e+00,9.960698920269805967e-02
2.695006295469090998e-02,-9.062248213375874162e-01
-7.957931694364323016e-01,-4.594918517097010824e-01
6.359119410249900461e-01,-7.699850680563777860e-01
1.165673722842915039e+00,-4.831976615513577933e-02
-1.597766010345501142e+00,1.564128345834410183e-01
-1.349157291714932816e+00,-6.437314825081359437e-01
1.081918184412650419e+00,5.652265726873479945e-01
-1.698488497415729714e+00,1.030420201946405712e+00
1.611480119399288702e+00,1.282582717869317435e+00
-2.570114033679113952e-01,-1.027264465652055980e+00
5.536573202029336782e-01,-6.962393645725166724e-01
-3.596913782872419030e-01,3.673839240147109830e-01
-5.419639060308111267e-01,-9.740675164722212287e-01
-1.911105904058455485e-01,1.845320817372299305e-01
1.293350267400973141e+00,-5.161072480750523717e-01
-6.130881722388930033e-01,3.151262506763860216e+00
-1.122166211541032022e+00,3.769516523641658345e-02
2.812625428800872851e-01,-3.883194398982149353e-01
-1.739242778836312953e+00,2.007068205034746811e+00
1.939862996873362444e-01,-9.951787811002823503e-01
5.985430798373907457e-01,1.192302976662470426e+00
1.737013123299856243e+00,2.329694381499614053e-01
1.588310833950447698e+00,-6.989340307598022051e-01
9.515415448107724661e-01,1.657838058204601950e+00
2.094204933720951733e-01,9.856116463491917390e-01
-1.932519379159246098e+00,1.264565405452612978e+00
-4.663361669304793011e-01,-8.193745544289308125e-01
-6.534805656669552265e-01,-9.173457003520213426e-02
-1.022548153461416920e+00,3.921372469814118356e-01
-7.804583610635562607e-01,-2.943103920308719701e+00
-8.236697209748235216e-02,-1.330944852037697634e+00
1.015592969785914956e+00,1.022740789474609890e+00
-1.385501166313017340e-01,5.862946767594452435e-01
9.756998283171329778e-01,1.233380534458823341e-01
-1.462643805195152358e-01,1.554532817820541313e+00
-1.220527521738774129e-01,6.267282584552837932e-01
6.297132031922133555e-01,-3.999232477893204796e-01
-5.802390063964070199e-01,1.143592102827578894e-01
1.423220031138525687e+00,-6.242614977675837729e-01
7.495786628491462045e-01,-1.636220060663156062e+00
3.424177363559994247e-01,-2.357645400556200033e-01
4.585185199591417793e-01,-1.117655392561194838e-01
2.363080112771999808e+00,1.522160989407604248e+00
-2.342766795128620530e-02,-4.758432678931365789e-01
-3.159912479062487733e-02,1.351693119634694157e-02
7.836604346810381594e-02,-6.636691327524356643e-01
-2.811490660427092836e-01,1.661539473746111439e-01
-5.601988287278072409e-01,4.602724281110309734e-01
-6.008446182703117699e-01,-1.198666834831155326e+00
6.909609714689308735e-01,-6.041179071317437366e-01
9.096248400164427261e-01,9.431732509383088381e-01
-7.546004231686483932e-01,6.891113264192054721e-01
-2.273459334706942059e+00,7.463745474451108919e-01
-5.255847749249785428e-02,-7.479376702662592358e-01
2.705560976036821066e-02,-2.558529357451921546e-02
7.411413686175868376e-01,-1.147570360623105135e+00
2.460551428282500841e-01,-1.305631984923550371e-01
1.469439916903517940e+00,-1.780922365988641953e+00
-1.012676486088322392e+00,-2.510490223917598573e-01
1.463561652197564289e+00,5.429638243706342848e-01
1.163852633271331705e+00,3.425012153176902885e-01
-2.024195245174231425e-02,6.109227406063258425e-02
8.873971598491759982e-01,2.624567677288007772e-01
-3.391376080435525298e-01,-8.085591682006745273e-01
-1.321733048250605336e+00,-2.485998156305520013e-01
-2.231873791399881513e-01,2.244543880112028766e+00
-1.244823183153352719e+00,1.761295366057957779e-01
-1.747436846535953103e+00,-5.976230282883729927e-01
-2.458064077358036170e-01,5.568339698561365347e-01
5.340268826567993177e-01,-2.676273076781465754e-01
-2.139093976465260005e-01,4.362173977033444450e-01
-8.043561313576382821e-01,6.510596199739882017e-01
-1.512872838888063898e+00,8.502567027789571519e-01
-9.594185132964803964e-02,-7.918361917259280069e-01
-4.377743600735144458e-01,-7.961332766530557770e-01
-1.335518525083663199e+00,-1.652423067237064114e+00
1.684208095540201455e+00,-2.057013706344807957e-01
9.438455766546209880e-01,-1.067610029982521080e+00
1.736190897917299081e+00,2.339919370610585858e+00
-6.993722215388986641e-01,-7.892694216009666919e-01
1.110723925501932552e+00,-1.401290668917435367e+00
5.583489017406850774e-02,1.668443408328737498e-03
-4.620472057558195657e-03,-9.646912544980554838e-01
7.672118286686693822e-02,-1.920619228196795092e+00
-8.176279828465420341e-01,-7.114881600122380245e-01
-9.994879670917895531e-01,-2.475859565932856832e+00
-8.474845137397210015e-01,5.471229597387285981e-01
5.830343961858497348e-01,-4.666724604119260045e-01
6.963687577819416101e-03,1.669717572106609982e+00
-1.138462112568821683e+00,-1.615426028251858215e+00
-8.496545838622586722e-01,5.375824926677180704e-01
-1.655070242174389916e+00,-2.378699140361452358e+00
-1.134609883384136042e+00,6.156594143968391331e-01
7.601853836082178573e-01,-7.422246031267166755e-01
-9.263212023913144355e-01,9.020994020115802314e-01
-5.377895508651926448e-01,4.616851776494679260e-01
6.360327541381412264e-02,1.450414695091930772e+00
3.898802648429203765e-01,1.492334804301227447e-01
2.507425473774674840e-01,1.936991899198737821e+00
1.410919101834422262e+00,2.077619807959809606e-01
1.275964732518563682e+00,1.128774853253924348e+00
1.133590221721541447e+00,-2.395057163365113428e+00
-5.456189797390333801e-02,-1.973209585664835286e+00
9.029246860306814823e-03,7.578157262838797203e-01
-3.331222635431738480e-03,-4.422529807112752787e-01
-3.461115825399967427e-01,-1.098643066322370077e+00
-9.754508332728256681e-01,-2.262974655344003772e+00
1.676335292021515766e+00,6.741063032307348379e-02
6.366732293563803768e-01,1.205504641729605364e+00
-1.453536535713006450e-01,-6.180019851725800928e-01
8.347490369206287397e-01,4.504994162878865893e-01
9.248476180145748238e-02,-9.003464438978373008e-02
2.878034696257364966e-01,1.795160055134850330e+00
-1.892833889621724275e+00,-2.280452961235805986e-01
-1.115689807658031274e+00,-5.986011128889425770e-01
2.437546304771000538e-01,5.224710013824265253e-01
1.261089062513872927e-01,5.407217310705053626e-02
-3.401801190206206194e-01,-1.723391503885819409e+00
2.823134675405321592e-01,-1.115930943897115224e+00
-5.084374374690201481e-01,1.127452075127318931e+00
1.750619845838661537e-01,6.662455179441334474e-01
-7.373255453779141710e-01,-3.233360432678030749e-01
2.609709214637131458e-01,-5.306206942464688492e-01
-5.681506555445640094e-01,-1.556141974545198758e+00
1.786602407780541357e+00,-6.653407808911877552e-01
-1.782402484307803459e+00,2.244457736396210379e-01
5.809910261903824535e-01,-8.015778871741494616e-01
-5.880337642802015152e-02,9.088798241739922679e-01
3.054778664483709938e-01,9.238243938908938802e-01
-2.198970477409725177e+00,4.724152437839741481e-01
-8.616196314025886815e-01,1.036022464791576780e+00
3.100890349407677271e-01,1.898861518765415646e+00
1.412685803217061421e-02,4.702375559413242700e-01
1.461513498218250939e-01,-1.133753667373898599e+00
-3.332941001956609139e-01,6.321583515089738148e-01
-1.310348648795787829e+00,4.255114647187805410e-01
1.059568103538386818e+00,-3.899463438535113458e-01
-6.288877220898872467e-02,-3.596348450805748609e-01
-5.780143055896241888e-01,4.707365584941496373e-01
-1.387998430532232819e+00,3.198253101766992401e-01
-2.449630814718321836e-01,1.526950823497151388e+00
1.138292943947231961e-01,1.068227878813433396e+00
-1.018634105335151085e+00,-4.230089228285087710e-01
4.003689728484379103e-03,6.115593743106922942e-01
2.437225392808669289e-01,7.385890099541764231e-01
-1.175732102861375417e+00,1.282750514869934078e+00
1.358601984720979150e+00,1.423194414864841217e+00
1.748092725218308274e+00,-1.825645319684419121e-01
1.567726180438590022e+00,-1.205094185592483935e+00
1.530732451156518792e+00,4.699185324712167322e-01
-1.289251596026974589e+00,-3.939282385863975833e-01
6.523485163849870316e-01,-2.379514567509368295e+00
1.409381954332945552e+00,4.718633351895462624e-01
-1.172055443138435127e+00,-7.511330755218637023e-01
1.102330000304897029e+00,-5.999939651662481443e-01
1.241235652048037208e+00,-4.883194032209936530e-01
-9.132647761352902238e-01,5.502029423066989722e-01
8.245272020947582714e-01,-6.600601373717609466e-01
-6.669519815317156430e-01,-5.423215036113435694e-01
3.848866312617133661e-02,-3.611942707361080473e-01
-1.541755905481735356e-01,-1.507200754121876152e+00
-1.128996106424673962e-01,-1.916274728339560918e-01
5.486495346967978914e-01,7.534140420291808304e-01
-3.263909766080360098e-01,-1.030966928113524972e+00
6.957440309052256300e-01,-5.628820652512120937e-01
-9.476542529622025701e-02,-1.999264445786011479e-01
-1.383710476412375878e-01,-1.669239992899544667e-01
-7.612324383912986991e-02,8.558352410413129219e-01
-1.335788067224358056e+00,-1.097705507236696132e+00
3.719803887500560124e-01,5.936853028863756654e-01
-5.260506353776682742e-01,1.794552410057424774e-01
-2.914800223238508625e+00,1.429694323113647414e+00
-3.473223002609182597e-01,-1.560519555395463609e+00
1.992126389679266529e-01,1.349713568374278250e+00
5.487923620783430323e-01,4.058802667881367121e-01
-2.291505744273077294e+00,-8.837716800019421726e-01
-7.901673901554635560e-01,1.915947866419642320e+00
-1.626187555250813155e+00,-8.383369378766047930e-04
1.100817123997294811e+00,-2.387880210585615615e-01
6.076565287265351945e-01,1.737263598522583719e-01
-3.933471109156713719e-01,-4.747064547881700292e-01
8.849189726446964332e-01,-6.009317301528509514e-01
6.057546175684271894e-01,-1.133960836937717875e+00
-8.414193834786570791e-01,-5.871837011951641649e-02
-3.269663490480798074e-01,3.796778371498880089e-01
-4.438225763688531944e-01,1.183362026945479623e-01
2.836404527778050966e+00,6.918342929526950513e-01
-6.275459268395249257e-01,-2.030740051115806910e-01
1.710336827585704933e+00,9.364378998807945109e-01
-1.034273747868369897e+00,3.314643938790786670e-01
-1.111511841565726577e+00,4.543676484449232778e-01
-1.169775082481242734e+00,-8.909722598353582157e-01
1.075412711699232693e+00,-4.649004701188819144e-01
-2.238031296810567117e+00,-6.089076437341045533e-01
-5.214360237965661726e-01,2.882090367514798857e+00
8.307821614661199394e-01,3.026896594926351547e-01
-1.853867599289526380e+00,-8.596974915293280617e-01
-3.925183666167738616e-01,-3.693621401409862282e-01
9.900451764185518311e-01,-4.894682399742709134e-01
6.015110463985150480e-01,1.116402822080529100e+00
5.767490357141999979e-01,-1.528635000404460764e-01
-4.709074217342568147e-01,3.166159241657656165e-01
-4.190053752050319075e-02,-8.669387918238583568e-01
-6.212285777539650056e-01,1.190175143957157289e+00
-1.165042966085505949e+00,3.258820457430369189e-01
-9.711823122752593074e-01,8.891816983431899413e-01
-1.077300053568939431e+00,1.416756458617738801e+00
3.273819164745556676e-01,8.441310997129074511e-01
-3.186304540553447917e-01,1.503614986795531072e+00
9.226808491104525611e-01,1.097676050246846113e+00
-1.116518532690835119e+00,1.134794339668294016e+00
-4.289347700938546115e-01,1.377094289641282332e+00
8.570759071134818052e-01,-1.716482472999439013e+00
1.875126910323382301e+00,1.432265840709591842e+00
-3.212367311213371601e-01,-3.922081016794718433e-01
-9.504008863381981920e-01,6.121767406939833123e-01
-8.530916543319174705e-01,2.099275999526034830e+00
1.249320304802818304e+00,-7.597877203833851567e-01
1.256089412911005176e+00,6.800033314859823541e-01
-1.463974905825474071e+00,-1.848036574011907796e+00
-9.363376094531137284e-01,-5.411145614386710934e-01
-7.075301395975773788e-01,4.131806892552055133e-01
-2.123271746834710427e+00,-3.041323349502889073e-02
7.014057693123301185e-01,-2.643881278558674608e-01
9.037591510258745631e-01,5.049642773173943500e-01
1.379296145208518398e-01,1.773793657260177348e+00
5.099871814075063875e-02,-2.100344171060123166e+00
-6.194475086617688697e-02,9.143714386433515751e-01
-1.785586516868072349e-01,1.786573115356563379e+00
6.202420514831149534e-01,-5.928164953781420721e-01
1.070286552587165652e+00,1.024187121510209408e-01
6.921937851204855441e-02,1.459067147555886956e+00
1.553127105877723846e+00,2.245975889971227879e-01
5.305373434656750486e-01,-5.407780699171248484e-01
7.173942908564965304e-01,-3.071020592884288192e-01
-7.313422873065088536e-01,7.172716892593177240e-01
-4.595072778018281096e-02,-1.397936658876819616e+00
-3.350976297391092817e-01,-9.783619816506314848e-01
1.308086237093312398e+00,-4.589356977121779035e-01
2.491280682113659883e-01,-1.725689074580899485e+00
-4.633099645300534086e-01,-5.845562302665635590e-01
-1.517958654062601109e-01,-4.816856500996894441e-01
1.402451175824503293e+00,-8.647584027724080080e-01
6.039527320216671047e-01,5.895924937487919681e-01
-2.385207753062888181e-01,-1.086320671677127037e-01
-1.115169029277371937e+00,-1.432887796766037614e+00
2.031884877691138680e+00,-1.188949056400287141e+00
-8.429547750683459295e-01,1.862303582270785629e-02
-8.445728177431104378e-01,4.514934720526641576e-01
-2.609861816357238240e+00,-5.906707848920262904e-01
-2.082496490581687620e+00,1.061508467209643314e+00
-1.648009499527248289e+00,5.631579044690977476e-01
-6.346319948124247434e-02,6.399410527746856037e-01
-1.408742563249814894e-01,-1.038269259006204370e+00
-6.836855063515306918e-01,2.384933552197359141e-01
1.207137797963993842e-01,-1.132080831014454558e+00
-9.785132962984941507e-01,2.002464181190135140e+00
6.398090503721953759e-01,-1.819394524064596563e+00
1.665812318517544854e+00,4.389988992337050533e-01
-1.765419861289658332e+00,2.078674504383098753e+00
7.999551358920692357e-01,9.450347637779434873e-01
-2.876547802682191679e-01,5.246246542623662634e-01
1.451159098281634474e+00,1.597561990100841545e+00
6.339425485057672560e-01,-6.013878943483432771e-01
4.682564623914614033e-01,-2.573419639938371972e+00
-3.906899958276130458e-01,-1.601015912394479379e+00
-2.677699451305127348e-02,-1.196295895413497457e+00
5.828774560428222618e-01,5.860564824181830890e-01
-1.650101485388805189e+00,4.054650161809059128e-01
1.172586761508770392e+00,-9.832494341844492114e-01
8.085899750199280200e-01,-1.686498860073574635e+00
-1.112893593287197280e+00,-7.213210041315059051e-01
5.622487815385827092e-01,-1.123573943924447649e+00
-6.795639546621864424e-01,6.612662325748149827e-01
-1.315711139235145488e+00,1.264414849176827005e-01
7.355248274383249241e-01,4.267085047086043303e-01
-5.566931104398655794e-01,-4.898575038065012821e-01
-6.061025605452232679e-01,-1.408197095510185015e+00
-5.420552437051502359e-01,2.807368017104484581e-01
1.461871390120255354e+00,-8.926447984746177511e-02
-8.181069940265868201e-01,-3.447985412505971681e-02
-1.822591428649599887e+00,-1.043734253321308536e+00
9.566151957388933924e-02,1.046191005780069183e+00
1.675164347947095234e+00,-3.577556992125030533e-01
-3.490911677408953251e-01,1.023091769060278100e-01
-6.701257312595538806e-01,-5.209710445848384497e-01
2.180961786687630743e-01,6.959376492477176157e-02
8.640008943781578576e-01,1.379221836098591059e+00
5.364253334013102670e-01,1.027984521958596575e+00
5.213678702432359424e-01,-1.380739032995409898e+00
2.307758375158886377e+00,-1.391621126906462891e+00
-2.870448840709087235e-01,-4.096705644875732188e-01
3.535831180871410462e-01,-2.890537582642047632e-01
-1.543587823076736143e+00,-7.750982314395469253e-01
3.348831153100790270e-01,-1.892315297940212915e+00
-4.401936778041111720e-01,-6.004890438611190651e-02
-6.818192179608779657e-01,4.326359980871076760e-01
8.374905075252130071e-02,5.159361157209608750e-01
4.820802850957542351e-01,-7.774791504293598887e-01
1.354168613962157375e+00,4.135633287226525567e-01
2.127598286928197524e+00,-1.430852170157276504e+00
1.456950585674763099e+00,-5.598647095685236330e-01
1.417122464445674579e+00,-1.922188713040929198e+00
-1.700817402497249553e+00,6.757270184642427679e-01
5.109891215824519800e-02,2.640579026739566793e-01
-5.357372197090337629e-01,2.926448711803057989e-01
4.173975990510943312e-02,1.462806666005203482e+00
-1.969052119637467513e+00,3.486323570527627425e-01
2.653703666099640479e-01,-1.094323577721149215e-01
-1.242647854203866142e+00,1.185535298623793254e+00
1.501433929206849038e-01,1.235197445494698565e+00
4.143278510849811580e-01,-3.010783426028248444e-01
-1.441572604282823356e-01,-3.180145590936159783e-01
3.629453877681554919e-01,-1.186712330615736555e+00
-3.842749650667169337e-01,1.265499235569812253e+00
4.498162135658205218e-01,1.088406483319839024e+00
1.204360962933123114e+00,-8.907312593887941610e-01
1.522819392055117238e-01,1.102605717708541988e+00
-2.419620018611639070e-02,1.266147892138658471e-01
-1.152037273654475391e-01,1.476278841563591682e+00
-1.286502149404163409e-01,-1.922196813893513934e+00
-1.421628072760798167e+00,1.254592158113800204e+00
9.201132224567517559e-01,8.905770191788719981e-01
1.451784920458899064e+00,-1.092799965354593894e-01
-2.744203754733862688e-01,-7.511855724429169490e-01
-1.411902401361827097e+00,8.161860352180774214e-01
5.114476385894459742e-01,-3.264803018746383900e-01
-1.291097467148873745e+00,2.962293230973722657e-02
4.015781448047108793e-01,-1.831698704112242893e-01
2.873227117363435501e-01,2.108717811519781549e+00
4.921808703626553982e-01,-1.390335249571838239e-01
6.033267823366785798e-01,3.819650406278303212e-01
-6.182288360255905335e-02,1.672674667384431435e-01
-1.945933322430635881e+00,-1.198879978052831419e+00
-8.300377979133759521e-01,-1.474027140806212222e-01
2.067490615551529909e-01,-9.347543504731988806e-01
6.069769292168768482e-01,-1.186995784077770288e+00
8.095600801842040006e-01,1.013426683385446170e+00
5.159506006328756778e-01,7.050482413765704059e-01
4.976827794258256166e-01,-9.143410358449440833e-01
-3.459637593964494662e-01,1.329384633978929919e+00
-5.763144371573638430e-02,-9.777890467510796935e-02
-6.976165046210234255e-01,-9.588669301328689443e-02
-8.339974247148270736e-01,-3.523672514635746156e-01
8.535434737164462882e-02,6.036702378856141360e-01
-4.226467114035959982e-01,-9.419707375056466381e-01
1.254951176692266079e+00,-9.422450017899446362e-01
9.152970227454425567e-01,4.406491228094799872e-01
2.005913058611751065e+00,8.979698704710710189e-01
1.646254192597000010e+00,7.299577518023872003e-01
8.037758981107827605e-01,1.272983494210576438e+00
-1.043389778916174460e-01,-5.151672342076291100e-01
1.520856724276304028e+00,9.684990710738818898e-01
1.362147352041409132e+00,1.854834132394185264e+00
8.768936847031350013e-01,-3.722431996967167089e-01
-1.115496463208344835e+00,3.476312592933907819e-01
-5.596812928932013431e-01,-1.760509139641102339e+00
-8.445995306656929325e-01,4.892745340222249828e-01
-2.650621880931913199e-01,-4.475278304943859919e-01
-2.418337473699032625e+00,5.867130379608855861e-01
2.538669541702682775e-01,9.339589595730106719e-01
9.379948126960071519e-01,2.353776340188453720e-01
-4.662018823019163927e-01,6.175549313806045770e-01
-6.280324456686464663e-01,3.703702828498619537e-01
-2.516097290497289109e-03,-3.543624791234315508e-01
-1.301060718107481362e+00,9.471979198409417045e-01
-1.047776229514343793e+00,-1.128605234283394765e+00
2.032318321407437622e+00,-4.557311639306167450e-01
-1.097994923748512486e+00,-9.714508294390609144e-01
3.607907834387242829e-01,-1.520214919194045944e+00
1.255944671755857334e+00,-1.001810927844392296e+00
-6.700882492805844137e-01,3.367150443991289155e-01
-9.910411110331148743e-01,-4.271397352318719864e-01
-1.474936825645708494e+00,1.703459243306848281e+00
-1.221470721552450955e+00,-8.807694228330587016e-02
3.146790191330552794e-02,-3.631322632495055935e-01
1.328691154668504293e-01,7.733933295796635576e-01
1.569013295520017004e-01,-8.928160032021130732e-01
-1.352653451453428080e+00,-2.258114445161885087e-02
6.723096147926539701e-02,-2.414182579781997129e-01
-3.364566428486158445e-02,1.357991000816252958e-01
6.798225407994611391e-01,5.013624808976833158e-01
1.049591534553911965e+00,1.300122159480654904e+00
-5.564048649734234520e-01,-6.100693556154408448e-01
1.109389392845425260e+00,8.089574928739606818e-01
-8.024558328041967933e-03,7.427616797760255851e-02
-1.014583185432999635e+00,5.357968733241109671e-01
4.065107317631957429e-01,-9.449000795592341628e-01
2.851008372086064405e-02,-9.673041397009648490e-01
5.394008042879613329e-01,-2.032853941601519665e+00
1.239423961732739610e+00,5.304220925604576919e-01
2.059642055736989885e-01,-1.406525870383992238e+00
-3.453888660580951009e-01,2.176543471820061859e-01
1.045481313337316420e+00,3.307101985054585747e-01
9.756639947235521415e-01,-3.265469349386682651e-01
-1.015369246035474404e+00,8.461673859122487151e-02
1.046552870958426418e+00,-1.604007104775335701e-01
2.555350401777173541e+00,1.029788268492826120e+00
-5.480110863137758193e-01,-3.548917189578201237e-01
-1.077385190251779701e+00,-8.177262330731591700e-01
1.370918359107231810e+00,-9.836776385800281020e-01
-1.061346995606345045e+00,1.744893968646200610e+00
-1.069815239301038945e+00,1.767815265610825248e+00
5.683121710905917334e-01,1.246907110287023279e-01
-4.293550873113969324e-01,-5.450270430538806110e-01
-3.665975640597775587e-01,4.361111819124699474e-01
6.156259882606527345e-01,1.283637227179359019e+00
1.604402111366122874e+00,-1.761445066099859513e+00
-4.713909436193903235e-01,-8.909234334691351620e-02
-1.615286220345734935e-01,-1.510758509051080223e+00
1.695475972982680268e+00,1.806061691357427890e+00
-8.168977873331397799e-01,-3.276777643769823722e-02
-8.729462418356792597e-01,-9.357746318008622888e-01
8.177172367969834932e-01,-4.014696019987561426e-01
4.406335500057736443e-01,1.284926327745365526e+00
-1.013368294618174348e+00,-3.957464775080232755e-02
-7.651045969471597097e-01,3.779706038428632953e-01
6.692380767283573340e-01,-1.491366528289846949e+00
1.775879479460147126e+00,8.512600603248667852e-01
-3.467351296899945194e-03,-2.059643678903683828e+00
5.766437960630590442e-01,1.288977618596524710e+00
3.801616874941319835e-01,-1.550083036530791603e-01
-1.122233788350650130e+00,-4.568916842443215831e-01
9.335535310513076723e-01,2.268423471480556231e-01
-1.664607359266049080e+00,-1.152215224972445995e-01
-6.987257901056362908e-01,-4.394794381087158142e-01
2.423787825306336630e-01,5.489522729396305589e-01
-2.425542138576930185e-01,-1.946074665927478131e+00
8.235000040421197598e-01,-9.741679750603543519e-02
4.152685904325794652e-01,-7.035860530180685357e-01
2.594544074551514257e+00,3.898980607541702170e-01
-7.928706021391558334e-01,5.786562874609038065e-01
-7.403501102729166394e-01,1.827050226452783477e+00
-8.259104900174892849e-01,9.695091272512366132e-01
-1.082313110727400052e-01,-2.059881559771052362e-01
1.549737025486672026e+00,2.249809041228232775e+00
-8.443398506709057783e-01,-9.897232624040315230e-01
-4.975837477417511256e-01,-7.140284922137665191e-01
-2.743881630770965141e-01,7.890220946233601484e-01
-1.353451046099311661e+00,-6.972429285743260152e-01
-2.278546685710521658e+00,-1.999865536488343309e-03
-1.405637890014756891e-02,-1.761108492756307875e+00
-1.414227461560072951e+00,9.365342920899144552e-01
6.711172335925232879e-01,1.284377473933629554e+00
1.945871336415205155e+00,1.039432479068320703e+00
-1.720793110920460167e+00,1.286508216873105681e+00
9.837167683174637967e-01,-5.998731391599432250e-01
-7.544527872716453309e-01,-1.044703696824495598e+00
-3.443836255744716079e-01,-2.896267829020863216e-01
-1.647868712532963575e-01,6.458717002060981871e-01
1.656830055151183589e-01,3.998695240849008403e-01
-2.281134193730266768e-01,1.189253708053982228e+00
1.140509877099333130e-01,-5.638789765313316771e-01
-6.097412036761994808e-02,-1.371941717588551490e-01
9.361030282048552476e-01,-5.228217597106455949e-01
-3.148292145112395080e+00,-8.548858983211538032e-01
-1.309684309789220791e-01,-8.258876778196437840e-01
-8.780265262052455721e-01,-1.875692273438464008e-01
2.784606349542286252e-01,1.927919272392364936e-01
-1.886637208153030543e-01,-8.153857352987882168e-01
6.210209975011640043e-02,1.254591990324333883e+00
1.511861573975603612e-01,2.992455086909761586e-01
-1.150326339713515500e+00,8.104953566491710504e-01
1.468567791085197305e+00,-9.364898593102837232e-01
-1.376451254925706857e-01,-3.903677837883304802e-01
-8.590342516088658176e-01,-1.447070797502731931e+00
-1.125394541478049737e+00,-8.152254406294467959e-01
5.438039658545645860e-01,-6.600050922518200247e-01
-1.362432187816666973e+00,-5.374058369449845607e-01
-3.162083148841635105e-01,-7.354429973375580243e-01
-7.890721561351922153e-01,1.506725506495291689e-01
5.840485904849559429e-01,-2.678556878270192954e-01
1.043458003043966409e+00,-1.475932511981182582e+00
2.100301425140253198e+00,-2.540980794401122900e+00
1.952944157064234187e-01,8.619470263188516723e-03
1.382346567906690193e+00,-1.316774017340688996e+00
-3.451503013294369704e-01,-4.083253093518323662e-01
-4.509036445690866590e-01,7.084499467775097203e-01
2.115517098198398394e+00,1.595485061874507338e+00
1.062473589254811834e+00,-9.643285923630168233e-01
-3.826471371326261028e-01,1.189430753224548054e+00
8.246472560600485169e-01,-3.154937411746050469e-01
-9.545732782977158770e-01,-9.748990017371054195e-01
1.725194612752440904e-01,-6.191936851431018018e-02
-1.903359795725906300e-01,3.465382029973932410e-01
1.738755471182871215e+00,4.541511349186606594e-01
-1.548909453323270791e+00,-5.194493572473746212e-01
5.882413752219076697e-01,2.144778201133777262e+00
-6.716344499876013563e-01,-1.647954541576805987e-01
-7.557747813883233245e-01,-3.970400019823141502e-01
4.956964529574957590e-01,-4.772392912461564940e-01
1.810295820559337576e+00,-3.892329754971992628e-01
-8.112659174468418444e-01,-1.938480308427367182e-01
9.337201958229125465e-01,-1.639834723649351567e+00
-8.698174734080027504e-01,1.403769643979223325e+00
-1.586123204772172723e+00,1.250679528930649376e-01
-1.224502841624331317e+00,-1.764252175736107375e-01
-7.074974784147407270e-02,-7.179359156402049802e-01
1.221257571498020056e+00,3.904414290156159595e-01
1.411142720749000379e+00,-1.501246808218077433e-01
-1.166428214514602768e+00,6.589830349488270400e-01
1.195852664859902381e+00,2.359086040049205302e+00
-4.573097982203336298e-01,-8.985300171571123373e-01
5.635551530794547653e-02,8.234971171451630489e-01
7.405316186620619634e-02,-7.062679534276337101e-01
3.651278512818187383e-01,-7.693592906141283327e-01
-2.371594061142231202e-01,-1.374656589363790093e+00
1.294232300787430748e-02,1.620259416582116918e+00
5.588998490568160282e-02,3.983347327296221096e-01
7.250001366742961917e-01,-1.343391001543374763e+00
7.613248746225980135e-01,9.526753706958206447e-01
3.611560716059132869e-01,4.255429332744915527e-01
3.630609959247617091e-01,9.323656523010142028e-01
4.636046327901391373e-01,1.430324689315189968e+00
1.322929196442390154e+00,8.895663636026158727e-01
9.718069560346679348e-01,3.548179910666839909e-01
-3.558323369476805720e-01,-3.316797252963455955e-01
2.425946824654378609e-01,3.000637513924707678e-01
1.221832501253136138e+00,-1.388453168686421657e+00
1.815041804424927019e+00,-1.690880671972812443e+00
2.145906967818818345e-01,4.987016836101045847e-01
-1.050562888091798763e+00,-2.155688538146518063e+00
7.844388978712144023e-02,8.100859941065239322e-01
-3.384941782793107756e-01,-5.398058566567492944e-01
6.391747164071030773e-02,1.425457765265997656e+00
8.314853729374781233e-02,9.998726438230804980e-01
5.120690885390485891e-02,-3.842803299644911852e-03
-1.429189444126934161e+00,-2.107120409296507901e-01
2.985009980185203138e-01,-4.463919689549608050e-01
-1.831954816481017323e-01,1.360324332973360806e-01
-8.323341987869818936e-01,2.055866023415346078e+00
1.058137416119474761e+00,5.400189799062695695e-01
3.269954245608429066e-01,-9.596592145363859183e-01
1.402460155914233286e-01,2.213433412425551250e+00
7.786799098214761683e-01,-3.676840191903868460e-02
5.019284263488481557e-01,-2.041890669239252887e+00
9.120683390092769738e-01,2.216188712937949834e-02
2.101568585076069307e-01,-1.059097011422804435e+00
-7.659157351808968395e-01,-1.662322488199291515e-01
7.832907678710911981e-01,-1.111884154681913150e+00
-3.020005495309763810e-01,-1.722167459478441964e+00
7.725005307403058907e-01,1.761255561263131098e+00
2.091379297721935315e-01,6.220862933077258017e-01
-7.036530118708886894e-01,4.982647622058633541e-03
